Job ID,Job URL,Job Title,Company Name,Status,Timestamp,WP ID
da883b17c086e9ce,https://md.linkedin.com/jobs/view/cabin-crew-recruitment-day-chisinau-5-august-2026-at-wizz-air-4432737480,Cabin Crew Recruitment Day - Chisinau - 5 August 2026,,scraped,2026-07-07T00:50:31.184877,
f64de747d74dd3a0,https://md.linkedin.com/jobs/view/sortator-sortatoare-produse-at-moldcell-4437195509,Sortator/Sortatoare produse,,scraped,2026-07-07T00:50:37.761448,
ab146dd27be4c05f,https://md.linkedin.com/jobs/view/driver-care-manager-chisinau-office-on-site-at-egala-4424850391,Driver Care Manager / Chisinau Office (on-site),,scraped,2026-07-07T00:50:45.492379,
b4f2087b41cf6eed,https://md.linkedin.com/jobs/view/junior-security-coordinator-at-cegeka-4433175834,Junior Security Coordinator,,scraped,2026-07-07T00:50:52.005021,
1a04d75db39a222a,https://md.linkedin.com/jobs/view/specialist-logistic%C4%83-at-moldcell-4435804634,Specialist Logistică,,scraped,2026-07-07T00:50:58.828872,
0ec2c2f5092a0f94,https://md.linkedin.com/jobs/view/specialist-procurement-operations-m-f-d-at-autodoc-4435549019,Specialist Procurement Operations (m/f/d),,scraped,2026-07-07T00:51:06.126743,
ac2a30ad0dc5f661,https://md.linkedin.com/jobs/view/international-category-buyer-with-russian-and-eng-at-veo-worldwide-services-4437188710,International Category Buyer with Russian and Eng,,scraped,2026-07-07T00:51:14.493964,
fe79268976ac90f3,https://md.linkedin.com/jobs/view/future-qa-opportunities-at-mixbook-moldova-at-mixbook-4437442303,Future QA Opportunities at Mixbook Moldova,Mixbook,posted,2026-07-07T00:51:32.210817,19
28a6b5b4ffebf375,https://md.linkedin.com/jobs/view/learning-development-manager-tarol-dd-at-tarol-dd-4432327793,Learning & Development Manager TAROL DD,Tarol-DD,posted,2026-07-07T00:51:43.407591,21
e66b49c314b65100,https://md.linkedin.com/jobs/view/data-scientist-m-f-d-at-autodoc-4434684442,Data Scientist (m/f/d),,scraped,2026-07-07T00:51:46.011176,
2068871c9b0bb12a,https://md.linkedin.com/jobs/view/ad-creative-producer-igaming-social-casino-at-ruby-labs-4436784816,Ad Creative Producer (iGaming / Social Casino),Ruby Labs,posted,2026-07-07T00:51:59.883766,23
d309c7d07a0659ee,https://md.linkedin.com/jobs/view/head-of-crm-at-moldindconbank-4432713076,Head of CRM,,scraped,2026-07-07T00:52:02.537957,
f09954420d89a1e1,https://md.linkedin.com/jobs/view/reprezentant-medical-at-gral-medical-4422287090,REPREZENTANT MEDICAL,,scraped,2026-07-07T00:53:14.910292,
f035c88a18552c38,https://md.linkedin.com/jobs/view/b2b-sales-manager-at-simpals-4433146924,B2B Sales Manager,Simpals,posted,2026-07-07T00:53:34.043498,25
27ba240870cc0b42,https://md.linkedin.com/jobs/view/logistics-manager-at-concepta-llc-4435466424,Logistics Manager,Concepta LLC,posted,2026-07-07T00:53:42.439357,27
e740a4159b9d8971,https://md.linkedin.com/jobs/view/online-sales-manager-video-consultations-remote-at-novakid-inc-4436739265,Online Sales Manager  (Video Consultations) - Remote,,scraped,2026-07-07T00:53:45.006982,
7dbdd40ce0ef3e6e,https://md.linkedin.com/jobs/view/fluent-german-customer-support-consultant-remote-at-supportyourapp-4437155807,(fluent German) Customer Support Consultant (remote),SupportYourApp,posted,2026-07-07T00:53:58.817221,29
d798817acdfa3b81,https://md.linkedin.com/jobs/view/sales-development-representative-romanian-speaking-at-huzzle-com-4436715343,Sales Development Representative - Romanian Speaking,,scraped,2026-07-07T00:54:01.491870,
fd5b39186b4b0c73,https://md.linkedin.com/jobs/view/assistant-office-manager-at-buy-business-class-4433945539,Assistant Office Manager,Buy Business Class,posted,2026-07-07T00:54:14.494161,31
a65b7ae411ee8228,https://md.linkedin.com/jobs/view/lucr%C4%83tor-comercial-chi%C8%99in%C4%83u-ciocana-f-m-at-wherewework-jobs-4436046113,Lucrător Comercial Chișinău - Ciocana (f/m),wherewework Jobs,posted,2026-07-07T00:54:26.484754,33
5e8aaf9acb1b01f1,https://md.linkedin.com/jobs/view/manager-produse-non-creditare-serviciul-dezvoltare-produse-imm-departamentul-business-imm-at-fincombank-sa-4436799735,"Manager produse (non-creditare), Serviciul Dezvoltare Produse IMM, Departamentul Business IMM",,scraped,2026-07-07T00:54:29.144197,
df0cc74869668ac6,https://md.linkedin.com/jobs/view/manager-v%C3%A2nz%C4%83ri-at-meta-sistem-4268905836,Manager Vânzări,Meta-Sistem,posted,2026-07-07T00:54:51.827292,35
eec382c6493b2c85,https://md.linkedin.com/jobs/view/growth-marketer-at-the-flex-4436778459,Growth Marketer,,scraped,2026-07-07T00:54:54.430939,
e0faf36325570825,https://md.linkedin.com/jobs/view/billing-systems-support-engineer-at-moldcell-4437463033,Billing Systems Support Engineer,,scraped,2026-07-07T00:55:01.292069,
3182108c5e8d34a0,https://md.linkedin.com/jobs/view/specialist-directia-contact-centru-at-fincombank-sa-4434973877,"Specialist, Directia Contact Centru",,scraped,2026-07-07T00:55:08.615407,
68d72b8c99b310d5,https://md.linkedin.com/jobs/view/data-scientist-at-moldindconbank-4433932514,Data Scientist,,scraped,2026-07-07T00:56:22.279823,
00b87cf638dedfd1,https://md.linkedin.com/jobs/view/top-manager-at-cristis-aesthetic-beauty-clinic-4432390219,Top Manager,Cristis Aesthetic Beauty Clinic,posted,2026-07-07T00:57:43.943218,37
b79a15b877b5e842,https://md.linkedin.com/jobs/view/ifrs-reporting-specialist-financial-reporting-accounting-at-microinvest-4432320833,IFRS Reporting Specialist | Financial Reporting & Accounting,,scraped,2026-07-07T00:57:46.582911,
0071c3b9d2e69ee8,https://md.linkedin.com/jobs/view/javascript-software-developer-remote-work-ref%23296724-at-bairesdev-4435332886,JavaScript Software Developer - Remote work | REF#296724,BairesDev,posted,2026-07-07T00:59:05.111604,39
e5f6eda23511f6ea,https://md.linkedin.com/jobs/view/analist-prevenirea-sp%C4%83l%C4%83rii-banilor-departamentul-conformitate-at-maib-4432785747,Analist prevenirea spălării banilor | Departamentul Conformitate,,scraped,2026-07-07T00:59:07.775362,
cb4afff2845f665a,https://md.linkedin.com/jobs/view/senior-agri-food-logistics-cold-chain-expert-at-ntu-international-a-s-4436499401,Senior Agri-Food Logistics / Cold Chain Expert,,scraped,2026-07-07T01:00:18.999812,
d5b3889a2d1eb2de,https://md.linkedin.com/jobs/view/manager-v%C3%A2nz%C4%83ri-proiecte-at-qgroup-talents-4436307053,Manager vânzări proiecte,QGROUP | Talents,posted,2026-07-07T01:00:34.211428,41
d6000312d710423c,https://md.linkedin.com/jobs/view/v%C3%A2nz%C4%83tor-consultant-v%C3%A2nz%C4%83toare-consultant%C4%83-%C3%AEn-or-basarabeasca-at-moldcell-4436398702,Vânzător-consultant/Vânzătoare-consultantă în or. Basarabeasca,,scraped,2026-07-07T01:00:36.503010,
51fc5ecb0bf31388,https://md.linkedin.com/jobs/view/senior-staff-engineer-computing-architecture-at-axelera-ai-4436397961,Senior/Staff Engineer - Computing Architecture,,scraped,2026-07-07T01:01:47.458442,
bcc451ed825e4441,https://md.linkedin.com/jobs/view/international-category-buyer-with-spanish-at-veo-worldwide-services-4437188361,International Category Buyer with Spanish,,scraped,2026-07-07T01:01:54.898509,
6a0610dc575a89e3,https://md.linkedin.com/jobs/view/senior-training-and-capacity-development-expert-at-ntu-international-a-s-4434972508,Senior Training and Capacity Development Expert,,scraped,2026-07-07T01:02:01.936253,
ef98a60fb9201b1d,https://md.linkedin.com/jobs/view/rpa-junior-developer-cedacri-international-at-ion-4173050863,RPA Junior Developer (Cedacri International),,scraped,2026-07-07T01:02:09.201300,
67915db5af7a15a8,https://md.linkedin.com/jobs/view/specialist-invoice-verification-m-f-d-at-autodoc-4434975059,Specialist Invoice Verification (m/f/d),,scraped,2026-07-07T01:02:15.787424,
07bfb9c4ad040c70,https://md.linkedin.com/jobs/view/senior-value-chain-development-expert-at-ntu-international-a-s-4436390302,Senior Value Chain Development Expert,,scraped,2026-07-07T01:04:33.400626,
56357c9b74c11b2f,https://md.linkedin.com/jobs/view/%D0%B1%D1%83%D1%85%D0%B3%D0%B0%D0%BB%D1%82%D0%B5%D1%80-at-sh-hendrix-bail-4432744955,Бухгалтер,SH HENDRIX BAIL,failed|wp_post_failed,2026-07-07T01:04:43.058421,
fd2b530cf41acc63,https://md.linkedin.com/jobs/view/senior-water%E2%80%93agriculture-foresight-expert-at-ntu-international-a-s-4435184065,Senior Water–Agriculture Foresight Expert,,scraped,2026-07-07T01:04:45.755489,
14334902055f9c88,https://md.linkedin.com/jobs/view/sales-executive-brands-chi%C8%99in%C4%83u-moldova-at-glovo-4415605319,"Sales Executive Brands - Chișinău, Moldova",,scraped,2026-07-07T01:05:56.288614,
73fbeb700127674d,https://md.linkedin.com/jobs/view/senior-quality-engineer-java-remote-work-ref%23293859-at-bairesdev-4426561398,Senior Quality Engineer (Java) - Remote Work | REF#293859,BairesDev,posted,2026-07-07T01:06:09.072729,43
7e1b6201ed04eb66,https://md.linkedin.com/jobs/view/commercial-team-leader-%40-veo-in-chisinau-at-veo-worldwide-services-4425450753,Commercial Team Leader @ VEO in Chisinau,,scraped,2026-07-07T01:06:11.686617,
0b830e4705fdd80e,https://md.linkedin.com/jobs/view/e-commerce-sales-specialist-at-plantifique-4433101056,E-commerce Sales Specialist,,scraped,2026-07-07T01:07:22.304951,
22d983b523a7591b,https://md.linkedin.com/jobs/view/senior-climate-adaptation-expert-at-ntu-international-a-s-4435107484,Senior Climate Adaptation Expert,,scraped,2026-07-07T01:07:29.897415,
9a10f7e705909c37,https://md.linkedin.com/jobs/view/distributed-systems-engineer-apache-spark-internals-remote-work-ref%23294297-at-bairesdev-4426550510,Distributed Systems Engineer (Apache Spark Internals) - Remote Work | REF#294297,,scraped,2026-07-07T01:07:37.093682,
dc26e34f10f85c00,https://md.linkedin.com/jobs/view/senior-analyst-supply-analytics-bangkok-based-relocation-provided-at-agoda-4299763782,"Senior Analyst (Supply Analytics, Bangkok-based, Relocation provided)",Agoda,posted,2026-07-07T01:07:56.019716,45
653e13ae48fb0083,https://md.linkedin.com/jobs/view/senior-full-stack-developer-python-%2B-js-with-data-support-remote-work-ref%23296698-at-bairesdev-4435347100,Senior Full Stack Developer - Python + JS with Data Support - Remote Work | REF#296698,,scraped,2026-07-07T01:07:58.669859,
6373693944630f2e,https://md.linkedin.com/jobs/view/senior-full-stack-developer-python-%2B-js-with-data-support-remote-work-ref%23296695-at-bairesdev-4435325979,Senior Full Stack Developer - Python + JS with Data Support - Remote Work | REF#296695,,scraped,2026-07-07T01:08:05.730833,
df5636d994ab9326,https://md.linkedin.com/jobs/view/senior-distributed-systems-engineer-java-remote-work-ref%23290106-at-bairesdev-4420454826,Senior Distributed Systems Engineer (Java) - Remote Work | REF#290106,,scraped,2026-07-07T01:08:13.013450,
a48e41dc3fef39fa,https://md.linkedin.com/jobs/view/senior-distributed-systems-engineer-remote-work-ref%23293794-at-bairesdev-4426569319,Senior Distributed Systems Engineer - Remote Work | REF#293794,,scraped,2026-07-07T01:09:24.367348,
97204565505ac033,https://md.linkedin.com/jobs/view/php-backend-developer-microservices-tracking-systems-m-f-d-at-autodoc-4434643700,PHP Backend Developer (Microservices / Tracking Systems) m/f/d,,scraped,2026-07-07T01:09:43.893220,
cdc95070bf0fd830,https://md.linkedin.com/jobs/view/senior-platform-engineer-kubernetes-remote-work-ref%23294056-at-bairesdev-4426567349,Senior Platform Engineer (Kubernetes) - Remote Work | REF#294056,,scraped,2026-07-07T01:09:52.776043,
0d2e09b55c5855cd,https://md.linkedin.com/jobs/view/senior-data-platform-engineer-remote-work-ref%23293905-at-bairesdev-4426567348,Senior Data Platform Engineer - Remote Work | REF#293905,,scraped,2026-07-07T01:11:11.753255,
1c38dbf29c53125a,https://md.linkedin.com/jobs/view/analyst-senior-analyst-associate-manager-marketing-analytics-bangkok-based-relocation-provided-at-agoda-4410540345,"Analyst/Senior Analyst/Associate Manager, Marketing Analytics (Bangkok Based, relocation provided)",Agoda,posted,2026-07-07T01:11:30.569976,47
b86429c9ef6b006e,https://md.linkedin.com/jobs/view/sre-engineer-cloud-infrastructure-m-f-d-at-autodoc-4434694173,SRE Engineer (Cloud Infrastructure) m/f/d,,scraped,2026-07-07T01:11:33.218621,
1b99f90532151fd1,https://md.linkedin.com/jobs/view/english-speaking-customer-support-operator-at-autodoc-4436572607,English speaking Customer Support Operator,,scraped,2026-07-07T12:18:05.356550,
cac53f0766275a04,https://md.linkedin.com/jobs/view/manual-qa-engineer-at-stefanini-emea-4435440381,Manual QA Engineer,Stefanini EMEA,posted,2026-07-07T12:18:35.156255,49
4f9577e94a9a2317,https://md.linkedin.com/jobs/view/accounts-receivable-accountant-ii-at-tsc-4436752752,Accounts Receivable Accountant II,TSC,posted,2026-07-07T12:18:42.550140,51
84cc8a9705d685f9,https://md.linkedin.com/jobs/view/assistant-4433969639,Assistant,ErLux Studio,posted,2026-07-07T12:18:53.792128,53
a824ceb5419b6a37,https://md.linkedin.com/jobs/view/middleware-engineer-at-stefanini-emea-4406569249,Middleware Engineer,Stefanini EMEA,posted,2026-07-07T12:19:08.872142,55
341d2132c8d9a67e,https://md.linkedin.com/jobs/view/semi-senior-python-developer-remote-work-ref%23296560-at-bairesdev-4435339354,Semi Senior Python Developer - Remote Work | REF#296560,BairesDev,posted,2026-07-07T12:19:17.789768,57
904ad1b32ede87cc,https://md.linkedin.com/jobs/view/full-stack-developer-moldova-at-cantarus-4428826288,Full-stack Developer (Moldova),,scraped,2026-07-07T12:19:20.388514,
3163c3c6c8d22e96,https://md.linkedin.com/jobs/view/devops-engineer-at-grid-dynamics-4432760763,DevOps Engineer,Grid Dynamics,posted,2026-07-07T12:19:32.510119,59
85f5aa692bcf290e,https://md.linkedin.com/jobs/view/manager-v%C3%A2nz%C4%83ri-corporative-b2b-at-qgroup-talents-4433159503,Manager Vânzări Corporative B2B,QGROUP | Talents,posted,2026-07-07T12:19:40.741024,61
d3d48111af60db24,https://md.linkedin.com/jobs/view/analyst-senior-analyst-pricing-marketing-bangkok-based-relocation-provided-at-agoda-4410530486,"Analyst/ Senior Analyst, Pricing Marketing (Bangkok Based, relocation provided)",Agoda,posted,2026-07-07T12:19:54.523839,63
4dc797cd788f5b37,https://md.linkedin.com/jobs/view/senior-java-software-engineer-at-r-systems-4434532600,Senior Java Software Engineer,R Systems,posted,2026-07-07T12:20:05.505677,65
c422a62ddda074d0,https://md.linkedin.com/jobs/view/funded-traineeship-for-young-graduates-at-the-eu-delegation-to-the-republic-of-moldova-at-eubam-libya-4437131139,Funded traineeship for young graduates at the EU Delegation to the Republic of Moldova,,scraped,2026-07-07T12:20:08.094717,
f55eacaaae22b534,https://md.linkedin.com/jobs/view/junior-qa-automation-engineer-python-moldova-4433924351,"Junior QA Automation Engineer (Python, Moldova)",IAW Internationale Akademie gGmbH,posted,2026-07-07T12:20:22.556636,67
6f2ef82a41b63959,https://md.linkedin.com/jobs/view/fluent-german-customer-support-consultant-remote-at-supportyourapp-4437167298,(fluent German) Customer Support Consultant (remote),SupportYourApp,posted,2026-07-07T12:20:28.386095,29
d1a26d7a02b56961,https://md.linkedin.com/jobs/view/integrations-analyst-m-f-d-at-autodoc-4434644669,Integrations Analyst (m/f/d),,scraped,2026-07-07T12:20:30.978846,
8f5ca5fe5e52015c,https://md.linkedin.com/jobs/view/senior-agricultural-statistics-expert-at-ntu-international-a-s-4437765660,Senior Agricultural Statistics Expert,,scraped,2026-07-07T12:20:41.421903,
72f592deb2c3ea33,https://md.linkedin.com/jobs/view/stream-processing-engineer-apache-flink-internals-remote-work-ref%23294343-at-bairesdev-4426545505,Stream Processing Engineer (Apache Flink Internals) - Remote Work | REF#294343,BairesDev,posted,2026-07-07T12:20:57.447951,69
1262917a5b27c209,https://md.linkedin.com/jobs/view/distributed-storage-engineer-apache-ozone-internals-remote-work-ref%23294435-at-bairesdev-4426564389,Distributed Storage Engineer (Apache Ozone Internals) - Remote Work | REF#294435,BairesDev,posted,2026-07-07T12:21:06.451114,71
8752daf08cf2de7d,https://md.linkedin.com/jobs/view/query-engine-engineer-apache-trino-internals-remote-work-ref%23294389-at-bairesdev-4426562450,Query Engine Engineer (Apache Trino Internals) - Remote Work | REF#294389,BairesDev,posted,2026-07-07T12:21:16.051645,73
4cf455dae7a0f744,https://md.linkedin.com/jobs/view/ux-ui-designer-at-the-flex-4436393142,UX/UI Designer,,scraped,2026-07-07T12:21:22.686745,
0488888fb979f660,https://md.linkedin.com/jobs/view/senior-fullstack-python-developer-remote-work-ref%23296623-at-bairesdev-4435343187,Senior Fullstack Python Developer - Remote Work | REF#296623,BairesDev,posted,2026-07-07T12:21:38.710318,75
2821d7dd99679500,https://md.linkedin.com/jobs/view/software-engineer-rust-remote-work-ref%23289837-at-bairesdev-4420461593,Software Engineer (Rust) - Remote Work | REF#289837,BairesDev,posted,2026-07-07T12:21:49.807385,77
66ec5c3fcd8bf1eb,https://md.linkedin.com/jobs/view/semi-senior-python-developer-remote-work-ref%23296564-at-bairesdev-4435328993,Semi Senior Python Developer - Remote Work | REF#296564,BairesDev,posted,2026-07-07T12:22:02.268355,79
c6916cf44cceda8c,https://md.linkedin.com/jobs/view/shopify-developer-at-fuelerate-4433952531,Shopify Developer,Fuelerate,posted,2026-07-07T12:22:09.929394,81
7001e11562ce9b5f,https://md.linkedin.com/jobs/view/senior-software-engineer-java-%2B-observability-remote-work-ref%23293931-at-bairesdev-4426562400,Senior Software Engineer (Java + Observability) - Remote Work | REF#293931,BairesDev,posted,2026-07-07T12:22:23.426749,83
910bab086316821f,https://md.linkedin.com/jobs/view/sports-data-collector-football-chisinau-moldova-at-genius-sports-4414305762,"Sports Data Collector (Football) - Chisinau, Moldova",,scraped,2026-07-07T12:22:26.100371,
25c10315e8ba1b04,https://md.linkedin.com/jobs/view/french-speaking-customer-support-operator-m-f-d-at-autodoc-4435048564,French speaking Customer Support Operator(m/f/d),,scraped,2026-07-07T12:22:32.632098,
07ede39cde2fcb17,https://md.linkedin.com/jobs/view/graphic-designer-at-wherewework-jobs-4436551967,Graphic designer,wherewework Jobs,posted,2026-07-07T20:33:04.058389,85
a83c4b8d1ce0d3d2,https://md.linkedin.com/jobs/view/hr-generalist-at-immigrant-invest-4435236315,HR Generalist,IMMIGRANT INVEST,posted,2026-07-07T20:33:17.382820,87
1bcc5b8ac1d111c4,https://md.linkedin.com/jobs/view/chief-financial-officer-cfo-at-ultahost-4435215126,Chief Financial Officer (CFO),UltaHost,posted,2026-07-07T20:33:26.231745,89
2c40f91e528e3910,https://md.linkedin.com/jobs/view/junior-recruiter-at-wherewework-jobs-4436047065,Junior Recruiter,wherewework Jobs,posted,2026-07-07T20:33:37.813342,91
34365b2528b32d8e,https://md.linkedin.com/jobs/view/data-focused-project-coordinator-remote-contract-at-infuse-4437789431,"Data-Focused Project Coordinator (Remote, Contract)",INFUSE,posted,2026-07-07T20:33:46.686572,93
a74c72447fa0ea54,https://md.linkedin.com/jobs/view/sales-manager-us-market-at-crystalia-glass-llc-4436752802,Sales Manager (US Market),Crystalia Glass LLC,posted,2026-07-07T20:33:54.570274,95
0432f2e0e736d0f2,https://md.linkedin.com/jobs/view/project-associate-open-to-internal-and-external-applicants-at-undp-careers-4435133163,Project Associate [Open to internal and external applicants],UNDP Careers,posted,2026-07-07T20:34:03.828145,97
dc656b750c25a936,https://md.linkedin.com/jobs/view/ingest-specialist-english-eu-at-simply-tv-4437177842,Ingest Specialist - English (EU),,scraped,2026-07-07T20:34:06.497047,
033a8b99d3c279ba,https://md.linkedin.com/jobs/view/data-scientist-intern-at-grid-dynamics-4437805802,Data Scientist Intern,Grid Dynamics,posted,2026-07-07T20:34:18.840831,99
cf9f02f5c3e6d9cd,https://md.linkedin.com/jobs/view/human-resources-director-at-olimp-invest-group-4434574582,Human Resources Director,OLIMP Invest Group,posted,2026-07-07T20:34:42.534000,101
ba7d346bb5b1b237,https://md.linkedin.com/jobs/view/data-editor-tv-streaming-german-english-ro-md-at-simply-tv-4437878034,Data Editor (TV & Streaming) - German&English (RO/MD),,scraped,2026-07-07T20:34:45.152302,
41a9cbf71b6986e1,https://md.linkedin.com/jobs/view/java-engineer-intern-at-grid-dynamics-4437799966,Java Engineer Intern,Grid Dynamics,posted,2026-07-07T20:35:00.962786,103
541f3b8ea7e25ab2,https://md.linkedin.com/jobs/view/manager-de-produs-at-iute-moldova-4434542435,Manager de Produs,iute Moldova,posted,2026-07-07T20:35:09.847263,105
5de0d267eb161f07,https://md.linkedin.com/jobs/view/%D0%BC%D0%B5%D0%BD%D0%B5%D0%B4%D0%B6%D0%B5%D1%80-%D0%BF%D0%BE-%D0%BF%D1%80%D0%BE%D0%B4%D0%B0%D0%B6%D0%B0%D0%BC-%D0%B8-%D0%BE%D0%B1%D1%81%D0%BB%D1%83%D0%B6%D0%B8%D0%B2%D0%B0%D0%BD%D0%B8%D1%8E-%D0%BA%D0%BB%D0%B8%D0%B5%D0%BD%D1%82%D0%BE%D0%B2-at-arax-telecommunication-company-4432772512,Менеджер по продажам и обслуживанию клиентов,,scraped,2026-07-07T20:35:12.421117,
21491bce6e742587,https://md.linkedin.com/jobs/view/circular-economy-co-founder-head-of-growth-100-%25-remote-m-f-d-at-ewor-4435491007,Circular Economy Co-Founder / Head of Growth (100 % remote) (m/f/d),,scraped,2026-07-07T20:35:23.533698,
0a4f457cb2ee9861,https://md.linkedin.com/jobs/view/national-individual-consultant-financial-expert-for-the-revision-of-personal-assistance-service-chisinau-moldova-5-months-remote-at-unicef-chad-4433152660,"National Individual Consultant - Financial Expert for the revision of personal assistance service_Chisinau, Moldova (5 months, remote)",Unicef CHAD,posted,2026-07-07T20:35:40.912795,107
9e60ccd311bfd8df,https://md.linkedin.com/jobs/view/analyst-banking-at-ebrd-4437191970,"Analyst, Banking",EBRD,posted,2026-07-07T20:35:54.853559,109
888eda0edf2c2c34,https://md.linkedin.com/jobs/view/national-individual-consultant-financial-expert-for-the-revision-of-personal-assistance-service-chisinau-moldova-5-months-remote-at-unicef-4434645528,"National Individual Consultant - Financial Expert for the revision of personal assistance service_Chisinau, Moldova (5 months, remote)",UNICEF,posted,2026-07-07T20:36:10.379750,111
e3d1fe2235093b6d,https://md.linkedin.com/jobs/view/flexible-internship-in-audit-support-services-chisinau-at-ey-4368995260,Flexible Internship in Audit Support Services | Chisinau,EY,posted,2026-07-07T20:36:20.627586,113
1d94d484c3c83d27,https://md.linkedin.com/jobs/view/lead-analyst-supply-analytics-bangkok-based-relocation-provided-at-agoda-4371895818,"Lead Analyst (Supply Analytics, Bangkok-based, Relocation provided)",Agoda,posted,2026-07-07T20:36:42.808895,115
659dfc04d46751f7,https://md.linkedin.com/jobs/view/game-presenter-russian-ukrainian-speakers-bucharest-romania-at-grow-tech-com-4435402426,"Game Presenter (Russian & Ukrainian Speakers) - Bucharest, Romania",Grow-tech.com,posted,2026-07-07T20:36:58.604274,117
b34b6a4339f579d7,https://md.linkedin.com/jobs/view/marketing-director-fmcg-4348720346,Marketing Director (FMCG),ICS FUNNY PIG SRL,posted,2026-07-07T20:37:09.629921,119
5974ae32e3c8cf6a,https://md.linkedin.com/jobs/view/customer-care-representative-at-arrive-4425895096,Customer Care Representative,,scraped,2026-07-07T20:37:14.416053,
3a4124b6622b62e8,https://md.linkedin.com/jobs/view/specialist-corectari-credite-serviciul-monitorizare-conturi-departamentul-operatiuni-at-fincombank-sa-4436900698,"Specialist corectari credite, Serviciul monitorizare conturi, Departamentul Operatiuni",,scraped,2026-07-07T20:37:23.474385,
f0e938a88430ddbd,https://md.linkedin.com/jobs/view/fullstack-python-developer-remote-work-ref%23296639-at-bairesdev-4435345132,Fullstack Python Developer - Remote Work | REF#296639,BairesDev,posted,2026-07-07T20:37:42.990491,121
8a2b8d2dec62616f,https://md.linkedin.com/jobs/view/fullstack-python-developer-remote-work-ref%23296643-at-bairesdev-4435343190,Fullstack Python Developer - Remote Work | REF#296643,BairesDev,posted,2026-07-07T20:37:52.266454,123
b55cb50b96f4b06d,https://md.linkedin.com/jobs/view/dutch-speaking-customer-support-operator-for-b2b-clients-at-autodoc-4434615386,Dutch speaking Customer Support Operator for B2B clients,,scraped,2026-07-07T20:37:56.900898,
63ae426a46ee1a95,https://md.linkedin.com/jobs/view/qa-javascript-automation-engineer-intern-at-grid-dynamics-4437803916,QA (JavaScript) Automation Engineer Intern,Grid Dynamics,posted,2026-07-07T20:38:17.139515,125
415874a42bbcf078,https://md.linkedin.com/jobs/view/qa-java-automation-engineer-intern-at-grid-dynamics-4437810783,QA (Java) Automation Engineer Intern,Grid Dynamics,posted,2026-07-07T20:38:30.702112,127
c448fa1c1f3fd12f,https://md.linkedin.com/jobs/view/senior-software-engineer-c%2B%2B-remote-work-ref%23289916-at-bairesdev-4420447984,Senior Software Engineer (C++) - Remote Work | REF#289916,BairesDev,posted,2026-07-07T20:38:41.483122,129
cbd5911addd7c981,https://md.linkedin.com/jobs/view/senior-software-engineer-java-remote-work-ref%23293733-at-bairesdev-4426572126,Senior Software Engineer (Java) - Remote Work | REF#293733,BairesDev,posted,2026-07-07T20:38:49.997111,131
f79a8a12b001c7f2,https://md.linkedin.com/jobs/view/sap-hana-developer-remote-work-at-bairesdev-4436816121,SAP Hana Developer - Remote Work,BairesDev,posted,2026-07-08T07:19:00.056165,143
a738e897be83dfbb,https://md.linkedin.com/jobs/view/specialist-facturare-at-veo-worldwide-services-4437816278,Specialist Facturare,,scraped,2026-07-08T07:19:10.730766,
9ee1bcdc309a4b01,https://md.linkedin.com/jobs/view/performance-marketing-lead-native-ads-at-capslock-4434635394,Performance Marketing Lead (Native Ads),,scraped,2026-07-08T07:19:33.911782,
d4747ff744d58663,https://md.linkedin.com/jobs/view/%D0%BC%D0%B0%D1%80%D0%BA%D0%B5%D1%82%D0%B8%D0%BD%D0%B3-at-beauty-factory-4434829091,Маркетинг,Beauty Factory,failed|wp_post_failed,2026-07-08T07:19:41.502254,
0f46bc3390bf6df0,https://md.linkedin.com/jobs/view/director-departament-vanzari-at-berd-s-hotel-chisinau-4432380479,Director Departament Vanzari,,scraped,2026-07-08T07:19:44.220054,
ddf82b29a77ac325,https://md.linkedin.com/jobs/view/ai-infrastructure-co-founder-cso-100-%25-remote-m-f-d-at-ewor-4435474737,AI Infrastructure Co-Founder / CSO (100 % remote) (m/f/d),,scraped,2026-07-08T07:20:14.166040,
1d87007a16a27b2f,https://md.linkedin.com/jobs/view/middle-senior-ml-engineer-at-grid-dynamics-4437798947,Middle/Senior ML Engineer,Grid Dynamics,posted,2026-07-08T07:20:29.661369,145
bffe1f6238d96f58,https://md.linkedin.com/jobs/view/national-individual-consultant-legal-expert-chisinau-moldova-programme-social-policy-section-4-months-remote-work-from-home-at-unicef-chad-4433143937,"National Individual Consultant - Legal expert - Chisinau, Moldova, Programme/Social Policy Section - 4 months (remote/work from home))",Unicef CHAD,posted,2026-07-08T07:20:53.033660,147
869b347a43be557d,https://md.linkedin.com/jobs/view/english-speaking-customer-support-operator-m-f-d-at-autodoc-4435048562,English speaking Customer Support Operator(m/f/d),,scraped,2026-07-08T07:20:55.566460,
6d3d49307c10d6c2,https://md.linkedin.com/jobs/view/lucr%C4%83tor-comercial-comrat-f-m-at-wherewework-jobs-4436568327,Lucrător Comercial Comrat (f/m),wherewework Jobs,posted,2026-07-08T07:21:38.704006,149
ef020b2eacf53080,https://md.linkedin.com/jobs/view/sales-representative-key-account-hrtech-industry-for-moldova-at-wherewework-jobs-4436565397,Sales Representative & Key Account (HRTech industry) for Moldova,wherewework Jobs,posted,2026-07-08T07:22:15.806991,151
72b13ece84d284a3,https://md.linkedin.com/jobs/view/national-program-director-at-children-s-emergency-relief-international-ceri-4436041708,National Program Director,Children's Emergency Relief International (CERI),posted,2026-07-08T07:22:51.902835,153
04f82cfcfa8ef7f5,https://md.linkedin.com/jobs/view/infrastructure-engineer-presale-data-center-virtualization-at-noventiq-moldova-4431595589,Infrastructure Engineer Presale (Data Center & Virtualization),,scraped,2026-07-08T07:22:54.462690,
4e18e39ce6acddab,https://md.linkedin.com/jobs/view/ict-analyst-head-of-ict-unit-open-to-internal-and-external-applicants-at-international-civil-aviation-organization-4438158522,ICT Analyst/ Head of ICT Unit [Open to internal and external applicants],International Civil Aviation Organization,posted,2026-07-08T07:23:32.645399,155
6abcdd2e6bbdb5e0,https://md.linkedin.com/jobs/view/cleaner-g1-roster-call-deadline-extension-at-osce-4434561216,Cleaner (G1) Roster Call (deadline extension),,scraped,2026-07-08T07:23:35.278411,
bb0a92f9534a5d06,https://md.linkedin.com/jobs/view/national-expert-on-green-economy-integration-in-vet-curricula-at-international-civil-aviation-organization-4438147974,National Expert on Green Economy Integration in VET Curricula,,scraped,2026-07-08T07:23:44.992957,
39f979ca8d08df18,https://md.linkedin.com/jobs/view/android-developer-at-jscb-energbank-%E2%80%8B-4434831053,Android Developer,,scraped,2026-07-08T07:23:53.600791,
bc304078d3cf0aa4,https://md.linkedin.com/jobs/view/specialist-rela%C8%9Bii-publice-%C8%99i-comunicare-chi%C8%99in%C4%83u-f-m-perioad%C4%83-determinat%C4%83-at-wherewework-jobs-4436568330,Specialist Relații Publice și Comunicare Chișinău (f/m) - perioadă determinată,wherewework Jobs,posted,2026-07-08T07:24:20.387961,157
2e2e8ce2cb0b90dd,https://md.linkedin.com/jobs/view/rapid-mapping-and-roadmap-development-on-disability-assessment-criteria-consultant-moldova-5-months-moldova-remotely-at-unicef-chad-4433962998,"Rapid Mapping and Roadmap Development on Disability Assessment Criteria Consultant, Moldova,5 months, Moldova, Remotely",Unicef CHAD,posted,2026-07-08T07:24:44.737451,159
202947a544edc4e6,https://md.linkedin.com/jobs/view/recruiter-at-moldindconbank-4434848172,Recruiter,,scraped,2026-07-08T13:20:16.532918,
3b6658e6a41e49e1,https://md.linkedin.com/jobs/view/personal-cur%C4%83%C8%9Benie-b%C4%83l%C8%9Bi-f-m-at-wherewework-jobs-4435086258,Personal Curățenie Bălți (f/m),wherewework Jobs,posted,2026-07-08T13:20:57.047241,161
c41a8558ff364bc0,https://md.linkedin.com/jobs/view/sales-director-at-art-granit-4432768126,Sales Director,,scraped,2026-07-08T13:20:59.684897,
6393bec350f56ac0,https://md.linkedin.com/jobs/view/senior-java-developer-at-r-systems-4386371824,Senior Java Developer,R Systems,posted,2026-07-08T13:21:30.686854,163
54deca4b61c6c03f,https://md.linkedin.com/jobs/view/senior-qa-automation-engineer-at-avantaj-prim-srl-4434850144,Senior QA Automation Engineer,,scraped,2026-07-08T13:21:39.279940,
a270dcc169e95797,https://md.linkedin.com/jobs/view/visual-designer-relocation-to-cyprus-at-fxpro-4438183252,Visual Designer (Relocation to Cyprus),FxPro,posted,2026-07-08T13:22:00.738262,165
468a657769aecfe2,https://md.linkedin.com/jobs/view/ppc-marketing-specialist-vbet-at-vbet-4421939947,PPC Marketing Specialist / VBET,,scraped,2026-07-08T13:22:03.461785,
7a4661a0091d651b,https://md.linkedin.com/jobs/view/senior-ai-engineer-at-ruby-labs-4437461265,Senior AI Engineer,Ruby Labs,posted,2026-07-08T13:22:16.174967,167
4fba1f44f65dd5cb,https://md.linkedin.com/jobs/view/responsable-administratif-et-financier-f-h-at-expertise-france-4408807156,Responsable administratif et financier (F/H),,scraped,2026-07-08T13:22:18.783501,
4255988c42037b53,https://md.linkedin.com/jobs/view/mlops-engineer-model-deployment-monitoring-at-wherewework-jobs-4437035681,"MLOps Engineer, Model Deployment & Monitoring",wherewework Jobs,posted,2026-07-08T13:22:36.456728,169
08f5529b4ef19b15,https://md.linkedin.com/jobs/view/ios-developer-at-coherent-solutions-4434821915,iOS Developer,Coherent Solutions,posted,2026-07-08T13:22:44.938025,171
5eb8f3093a14aef3,https://md.linkedin.com/jobs/view/senior-ios-developer-swiftui-at-wherewework-jobs-4437027931,Senior iOS Developer (SwiftUI),wherewework Jobs,posted,2026-07-08T13:23:04.227983,173
0b2615c1b3afc061,https://md.linkedin.com/jobs/view/senior-front-end-engineer-react-at-software-mind-4438192749,Senior Front-End Engineer (React),,scraped,2026-07-08T13:23:08.882222,
26aeaa9ddd62351c,https://md.linkedin.com/jobs/view/dwp-professional-services-engineer-at-stefanini-emea-4429270202,DWP Professional Services Engineer,Stefanini EMEA,posted,2026-07-08T13:23:28.222743,175
d950b3d2ccdd7608,https://md.linkedin.com/jobs/view/devops-engineer-observability-stack-prometheus-grafana-at-wherewework-jobs-4437042420,"DevOps Engineer, Observability Stack (Prometheus/Grafana)",wherewework Jobs,posted,2026-07-08T13:23:41.984000,177
cf2345a85e5585ed,https://md.linkedin.com/jobs/view/specialist-%C3%AEn-securitate-informa%C8%9Bional%C4%83-at-microinvest-4434833228,Specialist în Securitate Informațională,,scraped,2026-07-08T13:23:44.594708,
96cae04785047dc6,https://md.linkedin.com/jobs/view/scp-14-00-465-pn-casier-%C4%83-superior-oar%C4%83-grupul-procesarea-numerarului-at-national-bank-of-moldova-4438254737,"SCP-14-00-465-PN - Casier(ă) Superior(oară), Grupul procesarea numerarului",,scraped,2026-07-08T18:57:47.608998,
896021912b774dc9,https://md.linkedin.com/jobs/view/senior-survey-methodology-expert-at-ntu-international-a-s-4437820502,Senior Survey Methodology Expert,,scraped,2026-07-08T18:58:07.199843,
2023c8095c05858b,https://md.linkedin.com/jobs/view/senior-analyst-associate-manager-marketing-strategy-bangkok-based-relocation-provided-at-agoda-4410548328,"Senior Analyst/ Associate Manager, Marketing Strategy (Bangkok based/ Relocation provided)",Agoda,posted,2026-07-08T18:59:12.532184,179
65404d87f9c129dc,https://md.linkedin.com/jobs/view/associate-manager-marketing-strategy-bangkok-based-relocation-provided-at-agoda-4410540694,"Associate Manager, Marketing Strategy (Bangkok Based, relocation provided)",Agoda,posted,2026-07-08T18:59:25.199592,181
52b9d1019f6e52c5,https://md.linkedin.com/jobs/view/senior-java-engineer-remote-work-ref%23297066-at-bairesdev-4438266323,Senior Java Engineer - Remote Work | REF#297066,BairesDev,posted,2026-07-08T18:59:43.335760,183
dbb61eefbd7497f7,https://md.linkedin.com/jobs/view/senior-agricultural-insurance-and-rural-finance-expert-at-ntu-international-a-s-4436314333,Senior Agricultural Insurance and Rural Finance Expert,,scraped,2026-07-08T18:59:47.890767,
1ffbbd5da4ba1de2,https://md.linkedin.com/jobs/view/ai-video-creator-at-the-flex-4436781346,AI Video Creator,,scraped,2026-07-08T18:59:57.309952,
1bda9bb103240ee2,https://md.linkedin.com/jobs/view/senior-data-analyst-m-f-d-at-autodoc-4434678819,Senior Data Analyst (m/f/d),,scraped,2026-07-08T19:00:05.519736,
0c822e8dd7558b6b,https://md.linkedin.com/jobs/view/senior-devops-engineer-aws-at-grid-dynamics-4436359503,Senior DevOps Engineer (AWS),Grid Dynamics,posted,2026-07-08T19:00:32.035563,185
51800ec8ae40ffb1,https://md.linkedin.com/jobs/view/devops-engineer-intern-at-grid-dynamics-4437809716,DevOps Engineer Intern,Grid Dynamics,posted,2026-07-08T19:00:44.681519,187
1c5b98a95ac8bcf5,https://md.linkedin.com/jobs/view/angular-developer-diagnostic-solutions-at-coherent-solutions-4434829900,Angular Developer (Diagnostic Solutions),Coherent Solutions,posted,2026-07-08T19:00:57.060021,189
2589ceb078c89627,https://md.linkedin.com/jobs/view/senior-software-engineer-net-%2B-aws-at-software-mind-4438193654,Senior Software Engineer (.NET + AWS),,scraped,2026-07-08T19:00:59.757683,
28172e37f311050b,https://md.linkedin.com/jobs/view/assurance-experienced-process-associate-competency-centre-pwc-moldova-at-pwc-central-and-eastern-europe-4435413586,"Assurance Experienced Process Associate, Competency Centre PwC Moldova",PwC Central and Eastern Europe,posted,2026-07-08T19:01:16.579845,191
51a6838b164d0666,https://md.linkedin.com/jobs/view/ai-devops-at-xebia-4436494983,AI DevOps,Xebia,posted,2026-07-08T19:01:25.295251,193
fdc7a68b0779bd2e,https://md.linkedin.com/jobs/view/coordonator-de-echip%C4%83-cu-limba-franceza-at-wherewework-jobs-4435069969,Coordonator de Echipă ( cu limba franceza),wherewework Jobs,posted,2026-07-08T23:45:28.555619,195
f4b891abee780293,https://md.linkedin.com/jobs/view/billing-data-analyst-at-ruby-labs-4437881055,Billing Data Analyst,Ruby Labs,posted,2026-07-08T23:45:51.157527,197
5c3cfc35ba6c6e96,https://md.linkedin.com/jobs/view/team-leader-contabilitate-at-wherewework-jobs-4437032738,Team leader contabilitate,wherewework Jobs,posted,2026-07-08T23:46:28.061655,199
45e9436e4aea76d9,https://md.linkedin.com/jobs/view/lead-billing-data-analyst-billing-payments-subscription-analytics-at-ruby-labs-4437861854,"Lead Billing Data Analyst | Billing, Payments & Subscription Analytics",Ruby Labs,posted,2026-07-08T23:46:38.730983,201
e58aba8f720c94f2,https://md.linkedin.com/jobs/view/api-developer-restful-graphql-at-wherewework-jobs-4437047288,"API Developer, RESTful & GraphQL",wherewework Jobs,posted,2026-07-08T23:47:14.706072,203
9e43e5e2d77b6d1e,https://md.linkedin.com/jobs/view/lead-software-engineer-cloud-native-applications-at-wherewework-jobs-4437029919,Lead Software Engineer (Cloud-Native Applications),wherewework Jobs,posted,2026-07-08T23:47:28.740558,205
d3bb992254d64a36,https://md.linkedin.com/jobs/view/specialist-%C4%83-recuperare-crean%C8%9Be-at-bt-leasing-md-4434826479,Specialist/ă Recuperare Creanțe,BT Leasing MD,posted,2026-07-08T23:47:42.290023,207
abf847780754d88d,https://md.linkedin.com/jobs/view/enterprise-data-architecture-analyst-short-term-at-international-civil-aviation-organization-4438150792,"Enterprise Data Architecture Analyst, Short-Term",International Civil Aviation Organization,posted,2026-07-08T23:48:13.818112,209
4397733c889543f4,https://md.linkedin.com/jobs/view/senior-software-engineer-scala-big-data-at-wherewework-jobs-4437050140,"Senior Software Engineer, Scala (Big Data)",wherewework Jobs,posted,2026-07-08T23:48:30.741428,211
e275b04076609217,https://md.linkedin.com/jobs/view/rapid-mapping-and-roadmap-development-on-disability-assessment-criteria-consultant-moldova-5-months-moldova-remotely-at-unicef-4437172303,"Rapid Mapping and Roadmap Development on Disability Assessment Criteria Consultant, Moldova,5 months, Moldova, Remotely",UNICEF,posted,2026-07-08T23:48:42.424044,213
c6b5ff40ecbf1c46,https://md.linkedin.com/jobs/view/%D0%B4%D0%B8%D1%81%D0%BF%D0%B5%D1%82%D1%87%D0%B5%D1%80-at-international-delivery-services-4438604051,Диспетчер,,scraped,2026-07-09T11:25:22.293531,
892b57a53de0b585,https://md.linkedin.com/jobs/view/seo-specialist-%E2%80%93-igaming-full-remote-at-elearning-actual-4438620207,SEO Specialist – iGaming (Full Remote),,scraped,2026-07-09T11:25:57.249023,
c49c8aa4114ca9dc,https://md.linkedin.com/jobs/view/css-jr-monitoring-analyst-at-stefanini-emea-4437379925,CSS JR Monitoring Analyst,Stefanini EMEA,posted,2026-07-09T11:26:26.496109,215
0c1a506d74d89be6,https://md.linkedin.com/jobs/view/head-of-engineering-business-systems-at-endava-4428709453,Head of Engineering | Business Systems,,scraped,2026-07-09T11:26:29.108074,
db2988d1b9bdd8f3,https://md.linkedin.com/jobs/view/edtech-co-founder-cfo-100-%25-remote-m-f-d-at-ewor-4435466981,EdTech Co-Founder / CFO (100 % remote) (m/f/d),,scraped,2026-07-09T11:26:36.550680,
be04f61b561c6c02,https://md.linkedin.com/jobs/view/programme-associate-g-6-ft-%23118375-moldova-chisinau-open-for-moldova-nationals-and-residents-only-at-unicef-4438202355,"Programme Associate (G-6), FT, #118375, Moldova, Chisinau - Open for Moldova nationals and residents only",UNICEF,posted,2026-07-09T11:26:50.558100,217
b36b1846c47a5019,https://md.linkedin.com/jobs/view/data-engineer-vector-databases-embeddings-at-wherewework-jobs-4437040565,"Data Engineer, Vector Databases & Embeddings",wherewework Jobs,posted,2026-07-09T11:27:18.997789,219
75f542bf07c6cf65,https://md.linkedin.com/jobs/view/senior-java-software-engineer-at-isd-4437398049,Senior Java Software Engineer,,scraped,2026-07-09T11:27:25.627580,
b9a446317fa72b19,https://md.linkedin.com/jobs/view/marketing-manager-maternity-cover-dtc-e-commerce-100%25-remote-eu-at-foxelli-group-4438590716,Marketing Manager  (maternity cover)| DTC E-commerce | 100% Remote EU,,scraped,2026-07-09T11:27:32.178356,
f15c61940c04cb8a,https://md.linkedin.com/jobs/view/specialist-delivery-complaints-at-autodoc-4437067473,Specialist Delivery Complaints,,scraped,2026-07-09T11:28:00.304460,
3f1193dc50e69479,https://md.linkedin.com/jobs/view/release-engineer-automated-deployment-pipelines-at-wherewework-jobs-4437044437,"Release Engineer, Automated Deployment Pipelines",wherewework Jobs,posted,2026-07-09T11:28:18.532112,221
8fc11db444708a38,https://md.linkedin.com/jobs/view/devops-engineer-api-gateway-rate-limiting-at-wherewework-jobs-4437046315,"DevOps Engineer, API Gateway & Rate Limiting",wherewework Jobs,posted,2026-07-09T11:28:34.668624,223
f37d036639fa73a0,https://md.linkedin.com/jobs/view/social-media-manager-at-mercedes-benz-moldova-4435659363,Social Media Manager,,scraped,2026-07-09T18:28:07.116627,
5348240325f9d2fc,https://md.linkedin.com/jobs/view/developer-front-end-at-wherewework-jobs-4436569265,Developer Front-End,wherewework Jobs,posted,2026-07-09T18:29:05.364520,225
6ec170e2c5b56345,https://md.linkedin.com/jobs/view/native-german-customer-support-consultant-remote-at-supportyourapp-4437155807,(native German) Customer Support Consultant (remote),SupportYourApp,posted,2026-07-09T18:29:18.983640,227
8314747fb8ba8b2d,https://md.linkedin.com/jobs/view/retail-safety-health-officer-at-wherewework-jobs-4437511583,Retail Safety & Health Officer,wherewework Jobs,posted,2026-07-09T18:29:31.012954,229
272d9e471c280fac,https://md.linkedin.com/jobs/view/project-associate-open-to-internal-and-external-applicants-at-international-civil-aviation-organization-4438159506,Project Associate [Open to internal and external applicants],International Civil Aviation Organization,posted,2026-07-09T18:29:39.161861,97
7a90e331a54c2fac,https://md.linkedin.com/jobs/view/consulting-engagement-manager-at-wherewework-jobs-4437505730,Consulting Engagement Manager,wherewework Jobs,posted,2026-07-09T18:29:57.112059,231
cd008ecdab9b6d8f,https://md.linkedin.com/jobs/view/data-scientist-marketing-mix-modeling-mmm-at-wherewework-jobs-4437507637,"Data Scientist, Marketing Mix Modeling (MMM)",wherewework Jobs,posted,2026-07-09T18:30:17.799594,233
a5781e41de45d26a,https://md.linkedin.com/jobs/view/economist-principal-responsabil-de-reglementarea-pruden%C8%9Bial%C4%83-a-entit%C4%83%C8%9Bilor-din-sectorul-asigur%C4%83rilor-reasigur%C4%83rilor-at-national-bank-of-moldova-4438254736,"Economist principal, responsabil de reglementarea prudențială a entităților din sectorul asigurărilor/reasigurărilor",,scraped,2026-07-09T18:30:20.460623,
b83272c9636a72dc,https://md.linkedin.com/jobs/view/managed-services-delivery-manager-at-wherewework-jobs-4437512546,Managed Services Delivery Manager,wherewework Jobs,posted,2026-07-09T18:30:42.739616,235
09141f986902e472,https://md.linkedin.com/jobs/view/machine-learning-engineer-nlp-large-language-models-at-wherewework-jobs-4437505731,"Machine Learning Engineer, NLP & Large Language Models",wherewework Jobs,posted,2026-07-09T18:31:11.895737,237
26f36218ae04c32d,https://md.linkedin.com/jobs/view/asistent-pentru-gestiunea-digitala-a-stocurilor-m%C4%83rfurilor-cu-franceza-at-wherewework-jobs-4437504741,Asistent pentru Gestiunea Digitala a Stocurilor & Mărfurilor( cu franceza),wherewework Jobs,posted,2026-07-09T18:31:31.245920,239
0c4a43a5247f00d2,https://md.linkedin.com/jobs/view/operational-risk-consultant-at-wherewework-jobs-4437524076,Operational Risk Consultant,wherewework Jobs,posted,2026-07-09T18:31:51.990162,241
305ef614b0991811,https://md.linkedin.com/jobs/view/senior-google-uam-at-ruby-labs-4438651578,Senior Google UAM,Ruby Labs,posted,2026-07-09T18:32:02.735101,243
d832a0cc50ce3b95,https://md.linkedin.com/jobs/view/net-developer-middle-at-maib-4435673516,.NET Developer (Middle),,scraped,2026-07-09T18:32:05.430287,
d173800b6c7e4219,https://md.linkedin.com/jobs/view/software-engineer-green-software-engineering-at-wherewework-jobs-4437502813,"Software Engineer, Green Software Engineering",wherewework Jobs,posted,2026-07-09T18:32:27.713812,245
ae2f1035918193d4,https://md.linkedin.com/jobs/view/cloud-network-engineer-at-paymentology-4437814065,Cloud Network Engineer,,scraped,2026-07-09T18:32:38.332879,
e71d656f98f5ee86,https://md.linkedin.com/jobs/view/business-valuation-manager-at-wherewework-jobs-4437504745,Business Valuation Manager,wherewework Jobs,posted,2026-07-09T18:33:03.595348,247
7b7cf61291bc094c,https://md.linkedin.com/jobs/view/salesforce-administrator-at-feel-it-services-4435680898,Salesforce Administrator,,scraped,2026-07-09T18:33:06.248857,
1e3ba2168e36f613,https://md.linkedin.com/jobs/view/software-engineer-mobile-ios-swift-at-wherewework-jobs-4437036704,"Software Engineer, Mobile (iOS/Swift)",wherewework Jobs,posted,2026-07-09T18:33:27.583804,249
5a1112bcdcdc482b,https://md.linkedin.com/jobs/view/software-engineer-video-streaming-encoding-at-wherewework-jobs-4437047289,"Software Engineer, Video Streaming & Encoding",wherewework Jobs,posted,2026-07-09T18:33:49.462330,251
dcae5ce7b0e628bd,https://md.linkedin.com/jobs/view/%F0%9F%9A%80-quantellis-caut%C4%83-b2b-sales-partners-business-development-partners-at-quantellis-4438504420,🚀 Quantellis caută B2B Sales Partners / Business Development Partners,Quantellis,posted,2026-07-09T18:34:07.935737,253
1cc27fe8a3a29dbb,https://md.linkedin.com/jobs/view/cardiology-patient-navigator-at-seamless-assist-4437713751,Cardiology Patient Navigator,Seamless Assist,posted,2026-07-09T18:34:18.796776,255
10495fd9f189ce1b,https://md.linkedin.com/jobs/view/platform-engineer-ephemeral-environments-at-wherewework-jobs-4437510541,Platform Engineer (Ephemeral Environments),wherewework Jobs,posted,2026-07-09T18:34:33.999565,257
c9348088aab6466a,https://md.linkedin.com/jobs/view/devops-engineer-infrastructure-as-code-terraform-at-wherewework-jobs-4437522275,"DevOps Engineer, Infrastructure as Code (Terraform)",wherewework Jobs,posted,2026-07-09T18:34:54.236028,259
b396dcc0ca476c5d,https://md.linkedin.com/jobs/view/data-engineer-at-cavendish-professionals-4434808992,Data Engineer,,scraped,2026-07-09T18:34:58.928476,
f32890a0d7e64188,https://md.linkedin.com/jobs/view/senior-software-engineer-saas-platform-at-wherewework-jobs-4437519338,Senior Software Engineer (SaaS Platform),wherewework Jobs,posted,2026-07-09T18:35:24.271727,261
304958919c2c151f,https://md.linkedin.com/jobs/view/cloud-security-engineer-zero-trust-architecture-at-wherewework-jobs-4437517385,"Cloud Security Engineer, Zero Trust Architecture",wherewework Jobs,posted,2026-07-09T18:35:43.034504,263
d1bebea3c2d5eaf4,https://md.linkedin.com/jobs/view/devops-engineer-mobile-ci-cd-fastlane-bitrise-at-wherewework-jobs-4437517383,"DevOps Engineer, Mobile CI/CD (Fastlane/Bitrise)",wherewework Jobs,posted,2026-07-09T18:36:17.351699,265
ef48915a47a1acaf,https://md.linkedin.com/jobs/view/maintenanace-specialist-at-operations-center-moldova-4435682837,Maintenanace Specialist,,scraped,2026-07-09T23:54:53.181182,
7f2495fdce43408c,https://md.linkedin.com/jobs/view/valuation-manager-at-wherewework-jobs-4437521277,Valuation Manager,wherewework Jobs,posted,2026-07-09T23:55:12.273359,267
006b5f7900bd19b5,https://md.linkedin.com/jobs/view/real-estate-executive-assistant-at-seamless-assist-4437562226,Real Estate Executive Assistant.,Seamless Assist,posted,2026-07-09T23:55:45.045308,269
6b1ec093cc2c4707,https://md.linkedin.com/jobs/view/manager-v%C3%A2nz%C4%83ri-b2b-fintech-solu%C8%9Bii-de-plat%C4%83-at-qiwi-moldova-4435648119,Manager Vânzări B2B (FinTech / Soluții de Plată),,scraped,2026-07-09T23:56:15.637539,
97c29be51117fb0c,https://md.linkedin.com/jobs/view/expert-principal-pe-durat%C4%83-determinat%C4%83-%C3%AEn-domeniul-cooper%C4%83rii-tehnice-externe-at-national-bank-of-moldova-4438679189,"Expert Principal, pe durată determinată, în domeniul cooperării tehnice externe",,scraped,2026-07-09T23:56:34.406634,
9dabbba11959837d,https://md.linkedin.com/jobs/view/hci-ai-automation-technical-architect-at-stefanini-emea-4418290112,HCI AI & Automation Technical Architect,Stefanini EMEA,posted,2026-07-09T23:56:55.947056,271
8ab5a5aafac8c8d7,https://md.linkedin.com/jobs/view/senior-node-js-engineer-at-stefanini-emea-4419026671,Senior Node.js Engineer,Stefanini EMEA,posted,2026-07-09T23:57:14.991890,273
d7416ebc16103c6f,https://md.linkedin.com/jobs/view/principal-java-developer-moldova-java-react-aws-at-amdaris-4438659251,"Principal Java Developer Moldova (Java, React, AWS)",,scraped,2026-07-09T23:57:31.585505,
3b2262bca8107649,https://md.linkedin.com/jobs/view/cloud-security-analyst-at-cloudbeds-4438199496,Cloud Security Analyst,Cloudbeds,posted,2026-07-09T23:57:51.793743,275
c7e3662ec4b4afaf,https://md.linkedin.com/jobs/view/asistent-administrativ-francofon-at-wherewework-jobs-4437510542,Asistent Administrativ Francofon,wherewework Jobs,posted,2026-07-10T11:24:32.154346,277
3dcfb43939709c18,https://md.linkedin.com/jobs/view/research-fellow-junior-jrfp-code-eu-2026-v833-at-european-institute-of-policy-research-and-human-rights-aisbl-4437055594,Research Fellow-Junior(JRFP) (Code: EU-2026-V833),,scraped,2026-07-10T11:24:38.791805,
257c3da3c86ad962,https://md.linkedin.com/jobs/view/net-developer-at-fusionworks-4434515827,.Net developer,,scraped,2026-07-10T11:24:47.799631,
c5ac01a2edea51da,https://md.linkedin.com/jobs/view/native-german-customer-support-consultant-remote-at-supportyourapp-4437167298,(native German) Customer Support Consultant (remote),SupportYourApp,posted,2026-07-10T11:24:57.372950,227
65141f8927179b77,https://md.linkedin.com/jobs/view/manager-v%C3%A2nz%C4%83ri-horeca-at-bemol-4434823657,Manager Vânzări (HoReCa),,scraped,2026-07-10T11:25:09.941389,
8e96881ab53dd893,https://md.linkedin.com/jobs/view/kotlin-at-fusionworks-4434533041,Kotlin,,scraped,2026-07-10T11:25:18.378896,
71d2319154d6472b,https://md.linkedin.com/jobs/view/sales-executive-open-banking-at-salt-edge-4435657399,Sales Executive Open Banking,Salt Edge,posted,2026-07-10T11:25:34.401307,279
ef09cf7fb19ea09f,https://md.linkedin.com/jobs/view/asistent-%C4%83-medical-%C4%83-sala-de-prelev%C4%83ri-at-invitro-diagnostics-4437996281,Asistent/ă medical/ă (sala de prelevări),,scraped,2026-07-10T11:25:41.000978,
d374392f009accfa,https://md.linkedin.com/jobs/view/b2b-sales-manager-digital-advertising-at-simpals-4434838799,B2B Sales Manager | Digital Advertising,Simpals,posted,2026-07-10T11:25:58.954257,281
8dedb17da98147f6,https://md.linkedin.com/jobs/view/programme-associate-g-6-ft-%23118375-moldova-chisinau-open-for-moldova-nationals-and-residents-only-at-unicef-chad-4435690793,"Programme Associate (G-6), FT, #118375, Moldova, Chisinau - Open for Moldova nationals and residents only",Unicef CHAD,posted,2026-07-10T11:26:11.271025,283
2838b0b0be71b255,https://md.linkedin.com/jobs/view/%D0%BC%D0%B5%D0%BD%D0%B5%D0%B4%D0%B6%D0%B5%D1%80-%D0%BF%D0%BE-%D0%BF%D1%80%D0%BE%D0%B4%D0%B0%D0%B6%D0%B0%D0%BC-4435951237,Менеджер по продажам,Esperanza SRL,failed|wp_post_failed,2026-07-10T11:26:14.714435,
a20efd96d37035ae,https://md.linkedin.com/jobs/view/executive-assistant-at-bizz-assist-agency-4437466730,Executive Assistant,,scraped,2026-07-10T11:26:17.339584,
282cddb60b56591a,https://md.linkedin.com/jobs/view/senior-cro-manager-at-ruby-labs-4438189130,Senior CRO Manager,Ruby Labs,posted,2026-07-10T11:26:37.763605,285
4f34949b9fa80558,https://md.linkedin.com/jobs/view/expert-principal-%C3%AEn-domeniul-gestion%C4%83rii-rela%C8%9Biilor-bilaterale-at-national-bank-of-moldova-4438663711,Expert principal în domeniul gestionării relațiilor bilaterale,,scraped,2026-07-10T11:26:40.394408,
45bb9897b9839010,https://md.linkedin.com/jobs/view/customs-trade-tax-advisor-at-wherewework-jobs-4437504744,Customs & Trade Tax Advisor,wherewework Jobs,posted,2026-07-10T11:27:02.652645,287
d7e94b966ff6b384,https://md.linkedin.com/jobs/view/workforce-management-analyst-bpo-at-wherewework-jobs-4437522277,"Workforce Management Analyst, BPO",wherewework Jobs,posted,2026-07-10T11:27:30.665632,289
ed5d00feeca626f3,https://md.linkedin.com/jobs/view/registrator-oare-medical-%C4%83-at-invitro-diagnostics-4437993374,Registrator/oare medical/ă,,scraped,2026-07-10T11:27:37.303811,
8da0d32473acb968,https://md.linkedin.com/jobs/view/product-manager-at-freedx-4439057430,Product Manager,,scraped,2026-07-10T18:09:14.145883,
7485d4ae4203f0f0,https://md.linkedin.com/jobs/view/ux-ui-designer%0Achisinau-at-agencja-interaktywna-kadeor-4436081710,"UX/UI Designer
Chisinau",Agencja Interaktywna KADEOR,posted,2026-07-10T18:09:30.003986,291
ee4debcd938bef71,https://md.linkedin.com/jobs/view/entrepreneur-in-residence-eir-at-the-flex-4436945373,Entrepreneur in Residence (EIR),,scraped,2026-07-10T18:09:46.891886,
b6fe1028b8cedf60,https://md.linkedin.com/jobs/view/talent-acquisition-manager-u-s-trucking-industry-%E2%80%93-remote-at-smarten-transport-inc-4437538911,Talent Acquisition Manager (U.S. Trucking Industry) – Remote,SMARTEN TRANSPORT INC,posted,2026-07-10T18:09:59.589267,293
646eb1fa68c2217c,https://md.linkedin.com/jobs/view/sales-account-manager-at-label-your-data-4439046975,Sales Account Manager,Label Your Data,posted,2026-07-10T18:10:28.632780,295
8e52c0d5e183d98c,https://md.linkedin.com/jobs/view/front-end-web-delepover%0Achisinau-at-agencja-interaktywna-kadeor-4436085690,"Front-End Web Delepover
Chisinau",Agencja Interaktywna KADEOR,posted,2026-07-10T18:10:44.148615,297
ad7f7bde48c2e134,https://md.linkedin.com/jobs/view/senior-site-reliability-engineer-at-alvys-4418828580,Senior Site Reliability Engineer,Alvys,posted,2026-07-10T18:10:53.420159,299
39befb61ee42b7f6,https://md.linkedin.com/jobs/view/java-backend-engineer-at-r-systems-4438260811,Java Backend Engineer,R Systems,posted,2026-07-10T18:11:11.323085,301
0f14876264e90c17,https://md.linkedin.com/jobs/view/associate-manager-customer-marketing-bangkok-based-relocation-provided-at-agoda-4410540505,"Associate Manager, Customer Marketing (Bangkok Based, Relocation Provided)",Agoda,posted,2026-07-10T18:11:28.605154,303
7e47d061fd42129b,https://md.linkedin.com/jobs/view/senior-software-engineer-at-herensys-4435699428,Senior Software Engineer,,scraped,2026-07-10T18:11:31.255768,
6fdf9279a83b11db,https://md.linkedin.com/jobs/view/full-stack-developer-node-js-%2B-vue-js-at-wherewework-jobs-4437998413,Full Stack Developer (Node.js + Vue.js),wherewework Jobs,posted,2026-07-10T18:11:57.897065,305
386e560f3f6b4a78,https://md.linkedin.com/jobs/view/english-speaking-customer-support-operator-m-f-d-at-autodoc-4437986281,English speaking Customer Support Operator(m/f/d),,scraped,2026-07-10T23:33:54.948634,
06b3e6bdad074296,https://md.linkedin.com/jobs/view/security-operations-center-soc-analyst-l2-at-wherewework-jobs-4437037606,Security Operations Center (SOC) Analyst (L2),wherewework Jobs,posted,2026-07-10T23:34:23.004519,307
7330cc949df22720,https://md.linkedin.com/jobs/view/machine-learning-engineer-anomaly-detection-at-wherewework-jobs-4437519340,Machine Learning Engineer (Anomaly Detection),wherewework Jobs,posted,2026-07-10T23:34:34.874067,309
8c109f98a21a367b,https://md.linkedin.com/jobs/view/model-validation-specialist-at-wherewework-jobs-4437986763,Model Validation Specialist,wherewework Jobs,posted,2026-07-10T23:35:17.573763,311
9f48ae64ca14a91b,https://md.linkedin.com/jobs/view/cabin-crew-recruitment-day-chisinau-17-july-2026-at-wizz-air-4427891118,Cabin Crew Recruitment Day - Chisinau - 17 July 2026,,scraped,2026-07-10T23:35:32.201308,
ff3f5e7f7e608bc1,https://md.linkedin.com/jobs/view/account-manager-turkish-speaker-at-scrambly-4435689840,Account Manager - Turkish speaker,,scraped,2026-07-11T07:23:32.914971,
44b5cb79b92ea283,https://md.linkedin.com/jobs/view/marketplace-manager-amazon-skroutz-ebay-at-wherewework-jobs-4437501940,Marketplace Manager (Amazon/Skroutz/eBay),wherewework Jobs,posted,2026-07-11T07:23:56.381727,313
b7962a75746cc6e7,https://md.linkedin.com/jobs/view/biolog-%C4%83-dep-clinic%C4%83-general%C4%83-at-invitro-diagnostics-4437977868,Biolog/ă (dep. clinică generală),,scraped,2026-07-11T07:24:09.041198,
5bf9a6c7315f3d3c,https://md.linkedin.com/jobs/view/secretara-sucursala-chisinau-at-fincombank-sa-4439067546,"Secretara, Sucursala Chisinau",,scraped,2026-07-11T07:24:33.011890,
8b8aa81382c5947c,https://md.linkedin.com/jobs/view/data-engineer-saas-metrics-revenue-analytics-at-wherewework-jobs-4437512548,"Data Engineer, SaaS Metrics & Revenue Analytics",wherewework Jobs,posted,2026-07-11T07:25:18.296440,315
38d5a6355c1a7346,https://md.linkedin.com/jobs/view/junior-audit-consultant-chisinau-at-ey-4390147906,Junior Audit Consultant | Chisinau,EY,posted,2026-07-11T07:26:00.800132,317
257df972a45ae5a5,https://md.linkedin.com/jobs/view/marketing-manager-maternity-cover-dtc-e-commerce-100%25-remote-eu-at-foxelli-group-4438608009,Marketing Manager  (maternity cover)| DTC E-commerce | 100% Remote EU,,scraped,2026-07-11T11:34:28.413565,
43dc3c1506a50680,https://md.linkedin.com/jobs/view/full-stack-php-laravel-developer-at-wherewework-jobs-4436035433,Full Stack PHP (Laravel) Developer,wherewework Jobs,posted,2026-07-11T11:34:55.322725,319
7aa6d0cb395a47bf,https://md.linkedin.com/jobs/view/machine-learning-engineer-federated-learning-at-wherewework-jobs-4437044435,Machine Learning Engineer (Federated Learning),wherewework Jobs,posted,2026-07-11T11:35:13.406445,321
0758ac663ba0857a,https://md.linkedin.com/jobs/view/edtech-co-founder-head-of-growth-100-%25-remote-m-f-d-at-ewor-4438352348,EdTech Co-Founder / Head of Growth (100 % remote) (m/f/d),,scraped,2026-07-11T11:35:20.089858,
0a231a2f9e64f69e,https://md.linkedin.com/jobs/view/internship-python-cloud-developer-at-stefanini-emea-4437994355,Internship: Python & Cloud Developer,Stefanini EMEA,posted,2026-07-11T11:35:40.451977,323
addc96bff88adbf8,https://md.linkedin.com/jobs/view/senior-data-analyst-marketing-analytics-at-wherewework-jobs-4437040558,Senior Data Analyst (Marketing Analytics),wherewework Jobs,posted,2026-07-11T11:36:06.852602,325
7eac758de324378e,https://md.linkedin.com/jobs/view/procurement-service-expert-to-be-embedded-in-the-agency-for-geodesy-cartography-and-cadastre-agcc-of-moldova-at-eubam-libya-4439070285,"Procurement Service Expert to be embedded in the Agency for Geodesy, Cartography and Cadastre (AGCC) of Moldova",,scraped,2026-07-11T11:36:13.436817,
79eefd106e3ca328,https://md.linkedin.com/jobs/view/deputy-store-manager-at-wherewework-jobs-4438936012,Deputy Store Manager,wherewework Jobs,posted,2026-07-11T11:36:49.164475,327
1bb0ebee3763a7b5,https://md.linkedin.com/jobs/view/dwp-delivery-manager-at-stefanini-emea-4429358445,DWP Delivery Manager,Stefanini EMEA,posted,2026-07-11T11:37:23.124421,329
6a28b79a19d6e05f,https://md.linkedin.com/jobs/view/analyst-senior-analyst-b2b-digital-marketing-bangkok-based-relocation-provided-at-agoda-4420291375,"Analyst/Senior Analyst, B2B Digital Marketing (Bangkok Based, relocation provided)",Agoda,posted,2026-07-11T11:37:48.734088,331
7bd86bb2e304c2ac,https://md.linkedin.com/jobs/view/technical-support-analyst-hybrid-chi%C8%99in%C4%83u-md-at-parking-network-b-v-4439307514,"Technical Support Analyst (Hybrid, Chișinău, MD)",,scraped,2026-07-11T15:41:34.317709,
66ed4ef57df247a9,https://md.linkedin.com/jobs/view/ai-infrastructure-co-founder-cso-100-%25-remote-m-f-d-at-ewor-4438351536,AI Infrastructure Co-Founder / CSO (100 % remote) (m/f/d),,scraped,2026-07-12T07:52:41.765365,
3cc1c5c0c0125803,https://md.linkedin.com/jobs/view/cloud-infrastructure-engineer-aws-at-wherewework-jobs-4438300198,Cloud Infrastructure Engineer (AWS),wherewework Jobs,posted,2026-07-12T11:46:49.446583,333
c463cae2e3581d8f,https://md.linkedin.com/jobs/view/product-manager-growth-marketing-products-cex-at-freedx-4439079363,Product Manager - Growth & Marketing Products / CEX,,scraped,2026-07-12T15:39:40.761878,
9ddfd94f8937934b,https://md.linkedin.com/jobs/view/part-time-influencer-manager-at-all-night-social-4418787868,Part Time Influencer Manager,ALL NIGHT SOCIAL,posted,2026-07-12T15:40:19.785173,335
eb6ce8824fefcccb,https://md.linkedin.com/jobs/view/machine-learning-engineer-graph-neural-networks-at-wherewework-jobs-4437041473,"Machine Learning Engineer, Graph Neural Networks",wherewework Jobs,posted,2026-07-12T19:59:39.815686,337
d0f279e6ee34d0a5,https://md.linkedin.com/jobs/view/%D0%BC%D0%B5%D0%BD%D0%B5%D0%B4%D0%B6%D0%B5%D1%80-%D0%BF%D0%BE-%D1%80%D0%B0%D0%B1%D0%BE%D1%82%D0%B5-%D1%81-%D0%BA%D0%BB%D0%B8%D0%B5%D0%BD%D1%82%D0%B0%D0%BC%D0%B8-at-flexlabel-srl-4436668574,Менеджер по работе с клиентами,,scraped,2026-07-12T19:59:42.475470,
779536d5dd6f45e8,https://md.linkedin.com/jobs/view/full-stack-engineer-middle-senior-python-%2B-react-al-platform-for-legal-operations-at-centraldev-4437219127,Full Stack Engineer (Middle&Senior) (Python + React) - Al Platform for Legal Operations,,scraped,2026-07-12T19:59:54.216459,
496362ff6e03aa87,https://md.linkedin.com/jobs/view/devops-engineer-mlops-pipeline-automation-at-wherewework-jobs-4437503764,"DevOps Engineer, MLOps Pipeline Automation",wherewework Jobs,posted,2026-07-12T20:00:54.277456,339
0d04f3aa85ca7907,https://md.linkedin.com/jobs/view/senior-software-engineer-open-source-contributor-at-wherewework-jobs-4437049225,"Senior Software Engineer, Open Source Contributor",wherewework Jobs,posted,2026-07-12T20:01:11.369620,341
81166a74be04dea2,https://md.linkedin.com/jobs/view/mid-sen-affiliate-manager-nutra-for-internal-affpal-project-at-affjobs-4439756591,"Mid/Sen Affiliate Manager Nutra, for internal Affpal Project",Affjobs,posted,2026-07-12T22:34:58.733425,343
64428723c866b92d,https://md.linkedin.com/jobs/view/pin-wang-at-department-of-history-and-art-history-at-george-mason-university-4438996201,Pin Wang,Department of History and Art History at George Mason University,posted,2026-07-13T11:43:55.378540,345
05c7481358cb2274,https://md.linkedin.com/jobs/view/manager-contact-center-team-lead-at-farmacia-familiei-4435945525,Manager Contact center (Team Lead),,scraped,2026-07-13T11:44:31.950088,
0ca223347e86d101,https://md.linkedin.com/jobs/view/senior-devops-aws-at-xebia-4401715160,"Senior DevOps, AWS",Xebia,posted,2026-07-13T11:45:07.202291,347
ae9de1ef01245e2d,https://md.linkedin.com/jobs/view/russian-team-lead-at-sme-careers-4431392872,Russian Team Lead,SME Careers,posted,2026-07-13T11:45:26.412498,349
f3b6d447ca749076,https://md.linkedin.com/jobs/view/ukrainian-team-lead-at-sme-careers-4431602889,Ukrainian Team Lead,SME Careers,posted,2026-07-13T11:45:36.651652,351
337ec5f3d4998118,https://md.linkedin.com/jobs/view/ubuntu-linux-user-for-ai-data-training-at-sme-careers-4431356188,Ubuntu/Linux User for AI Data Training,SME Careers,posted,2026-07-13T11:46:00.042835,353
bed9127c53197a17,https://md.linkedin.com/jobs/view/funded-traineeship-for-young-graduates-at-the-eu-delegation-to-the-republic-of-moldova-at-eubam-libya-4440034280,Funded traineeship for young graduates at the EU Delegation to the Republic of Moldova,,scraped,2026-07-13T18:20:28.984141,
c04fa72cfcd794a3,https://md.linkedin.com/jobs/view/country-leader-at-breezy%21-4425778891,Country Leader,,scraped,2026-07-13T18:20:40.534616,
a5248adc5476e151,https://md.linkedin.com/jobs/view/store-supervisor-at-wherewework-jobs-4437984754,Store Supervisor,wherewework Jobs,posted,2026-07-13T18:21:06.022892,355
43ab6ae164b135de,https://md.linkedin.com/jobs/view/b2b-sales-executive-%E2%80%93-remote-est-hours-at-callsexperts-4437240646,B2B Sales Executive – Remote | EST Hours,Callsexperts,posted,2026-07-13T18:21:31.365312,357
fe6a0467af7fd6ae,https://md.linkedin.com/jobs/view/aml-financial-crime-consultant-at-wherewework-jobs-4437519337,AML & Financial Crime Consultant,wherewework Jobs,posted,2026-07-13T18:21:54.875342,359
ef86e075be0fd03b,https://md.linkedin.com/jobs/view/people-partner-at-software-mind-4431672847,People Partner,,scraped,2026-07-13T18:21:57.511053,
39d82cc019889274,https://md.linkedin.com/jobs/view/circular-economy-co-founder-cfo-100-%25-remote-m-f-d-at-ewor-4438362070,Circular Economy Co-Founder / CFO (100 % remote) (m/f/d),,scraped,2026-07-13T18:22:15.611810,
2de9f4036dfc2f04,https://md.linkedin.com/jobs/view/pentest-engineer-cybersecurity-at-orange-4437274906,PenTest Engineer (Cybersecurity),Orange,posted,2026-07-13T18:22:31.519585,361
e1c990c662f4f034,https://md.linkedin.com/jobs/view/software-engineer-mobile-ios-swift-at-wherewework-jobs-4437051114,"Software Engineer, Mobile (iOS/Swift)",wherewework Jobs,posted,2026-07-13T18:22:45.247297,249
70772e98ca5e149e,https://md.linkedin.com/jobs/view/azure-automation-software-engineer-at-stefanini-emea-4439430558,Azure Automation Software Engineer,Stefanini EMEA,posted,2026-07-13T18:23:03.262383,363
acf71d1a5a92f598,https://md.linkedin.com/jobs/view/servicenow-developer-remote-work-at-bairesdev-4439408670,ServiceNow Developer - Remote Work,BairesDev,failed|wp_post_failed,2026-07-13T23:19:12.814954,
5d20e7349ac60730,https://md.linkedin.com/jobs/view/economist-%C4%83-coordonator-oare-responsabil-%C4%83-de-emisiunea-numerarului-po-14-00-201-bmc-at-national-bank-of-moldova-4440066602,Economist(ă) coordonator(oare) responsabil(ă) de emisiunea numerarului - PO-14-00-201-BMC,,scraped,2026-07-13T23:19:19.555337,
f8c5009deb7e06bf,https://md.linkedin.com/jobs/view/economist-coordonator-responsabil-de-realizarea-politicii-macropruden%C8%9Biale-at-national-bank-of-moldova-4440059817,"Economist coordonator, responsabil de realizarea politicii macroprudențiale",,scraped,2026-07-13T23:19:27.025333,
4bb6be023d356321,https://md.linkedin.com/jobs/view/marketing-intern-at-garmin-moldova-4434849356,Marketing Intern,Garmin Moldova,failed|wp_post_failed,2026-07-13T23:19:46.541337,
3103ea78e618f075,https://md.linkedin.com/jobs/view/assistant-store-manager-at-wherewework-jobs-4437523158,Assistant Store Manager,wherewework Jobs,failed|wp_post_failed,2026-07-13T23:20:34.133782,
0771da7b10e552ae,https://md.linkedin.com/jobs/view/senior-php-developer-at-orange-4437260108,Senior PHP Developer,Orange,failed|wp_post_failed,2026-07-13T23:20:44.296214,
60bec7cc6b89ede8,https://md.linkedin.com/jobs/view/middle-qa-mobile-automation-engineer-at-idt-corporation-4439385444,Middle QA Mobile Automation Engineer,IDT Corporation,failed|wp_post_failed,2026-07-13T23:20:54.786471,
064108a3c46c1522,https://md.linkedin.com/jobs/view/go-developer-e-commerce-platform-at-coherent-solutions-4437297083,Go Developer (E-commerce platform),Coherent Solutions,failed|wp_post_failed,2026-07-13T23:21:22.449938,
9844f0c1d57c4a4e,https://md.linkedin.com/jobs/view/national-expert-on-communication-for-the-moldova-international-stock-exchange-bimx-at-un-women-4440048123,National Expert on Communication for the Moldova International Stock Exchange (BIMx),UN Women,failed|wp_post_failed,2026-07-13T23:21:32.992059,
d2560cdfd3e912ba,https://md.linkedin.com/jobs/view/senior-ios-developer-swiftui-at-wherewework-jobs-4437511581,Senior iOS Developer (SwiftUI),wherewework Jobs,failed|wp_post_failed,2026-07-13T23:21:44.659765,
fdf58e1e4e299062,https://md.linkedin.com/jobs/view/full-stack-java-developer-digital-media-at-coherent-solutions-4428055245,Full-stack Java Developer (Digital Media),Coherent Solutions,failed|wp_post_failed,2026-07-13T23:21:55.240496,
0ecb0497b1af7a58,https://md.linkedin.com/jobs/view/project-manager-at-coherent-solutions-4437270968,Project Manager,Coherent Solutions,failed|wp_post_failed,2026-07-14T07:25:52.150388,
988fc70445da77cb,https://md.linkedin.com/jobs/view/business-analyst-mental-health-care-at-coherent-solutions-4437290142,Business Analyst (Mental Health Care),Coherent Solutions,failed|wp_post_failed,2026-07-14T07:26:01.958443,
abecb04b91542fad,https://md.linkedin.com/jobs/view/v%C3%A2nz%C4%83tor-consultant-v%C3%A2nz%C4%83toare-consultant%C4%83-%C3%AEn-or-lipcani-at-moldcell-4440313066,Vânzător-consultant/Vânzătoare-consultantă în or. Lipcani,,scraped,2026-07-14T07:26:08.347659,
5ae9b1c32271b4b1,https://md.linkedin.com/jobs/view/head-of-product-management-at-grid-dynamics-4440328035,Head of Product Management,Grid Dynamics,failed|wp_post_failed,2026-07-14T12:23:31.360951,
347551658810d766,https://md.linkedin.com/jobs/view/plc-programmer-4437663329,PLC Programmer,Ultrafog Service S.a.r.l.,failed|wp_post_failed,2026-07-14T12:23:44.527061,
a7eb6cda326ba9bb,https://md.linkedin.com/jobs/view/senior-java-software-engineer-at-r-systems-4412894154,Senior Java Software Engineer,R Systems,failed|wp_post_failed,2026-07-14T12:24:13.495465,
b7e5bdafb7f3a515,https://md.linkedin.com/jobs/view/software-architect-distributed-systems-at-wherewework-jobs-4437996448,Software Architect (Distributed Systems),wherewework Jobs,failed|wp_post_failed,2026-07-14T12:24:45.621354,
42dcf036cdc12c48,https://md.linkedin.com/jobs/view/lucr%C4%83tor-comercial-chi%C8%99in%C4%83u-ciocana-f-m-at-wherewework-jobs-4439852338,Lucrător Comercial Chișinău - Ciocana (f/m),wherewework Jobs,failed|wp_post_failed,2026-07-14T12:24:57.817795,
d402630188ee1d29,https://md.linkedin.com/jobs/view/technical-support-analyst-at-arrive-4430598437,Technical Support Analyst,,scraped,2026-07-14T12:25:20.458191,
